1,Deedee,141.9.137.60
2,Martina,141.122.9.159
3,Temp,178.72.112.138
4,Editha,228.9.237.65
5,Sly,211.81.13.69
6,Darlleen,21.81.222.108
7,Cara,175.242.191.48
8,Kareem,114.192.60.3
9,Helge,18.223.246.59
10,Diane-marie,73.155.144.129
11,Lorne,163.193.232.220
12,Franzen,41.143.87.109
13,Conn,117.211.123.159
14,Shane,203.168.117.111
15,Elizabeth,102.143.106.90
16,Winonah,62.127.124.185
17,Jonathon,86.187.204.84
18,Garold,27.20.46.2
19,Astrix,141.254.115.96
20,Alicea,22.165.172.191
21,Baryram,40.26.217.149
22,Willy,112.77.1.192
23,Cordey,70.3.107.151
24,Dianemarie,228.37.61.45
25,Ingelbert,116.106.123.233
26,Virgie,104.33.47.78
27,Malina,124.229.2.248
28,Marthena,148.152.44.183
29,Lia,125.67.9.252
30,Carolin,235.96.8.229
31,Yovonnda,143.218.27.247
32,Papageno,100.17.241.165
33,Izabel,92.174.33.157
34,Tudor,141.249.228.150
35,Sutton,149.156.79.133
36,Bing,101.26.125.141
37,Farrell,54.118.99.145
38,Carine,62.127.198.164
39,Ambur,74.149.230.215
40,Evvy,165.208.19.76
41,Michal,99.0.232.192
42,Niki,107.44.164.218
43,Beret,83.249.156.77
44,Web,56.200.218.92
45,Desirae,146.41.120.228
46,Ali,188.239.23.4
47,Ignace,46.108.27.162
48,Fabiano,161.175.254.11
49,Alison,102.87.250.60
50,Early,241.104.172.174
51,Sutherlan,60.250.19.154
52,Zelda,185.252.173.249
53,Oralia,111.213.39.186
54,Natalya,184.134.159.19
55,Tam,158.126.197.149
56,Carleton,222.30.252.74
57,Merilyn,37.10.234.195
58,Ermin,216.199.73.167
59,Theodore,128.26.217.171
60,Quillan,139.120.192.249
61,Almeta,16.248.110.156
62,Modesta,69.195.155.103
63,Hasty,59.51.206.38
64,Weber,212.74.86.217
65,Dolley,106.59.41.136
66,Jody,73.177.159.100
67,Jocko,133.195.100.58
68,Anthiathia,154.130.86.97
69,Cirilo,101.147.42.201
70,Jandy,217.78.36.176
71,Cristabel,110.93.242.109
72,Nelie,213.36.218.238
73,Bonni,2.214.148.118
74,Tucker,53.174.244.28
75,Coralie,148.156.206.113
76,Gunar,164.215.183.190
77,Harrietta,102.33.90.213
78,Herrick,32.229.113.219
79,Edee,245.67.161.228
80,Cyril,159.233.234.202
81,Prentiss,220.74.198.177
82,Constancia,133.122.8.117
83,Emmett,181.75.17.16
84,Melody,55.221.109.94
85,Marline,203.185.177.147
86,Elmira,251.227.176.181
87,Daryl,47.226.31.127
88,Anna,252.139.54.2
89,Jamal,138.254.132.163
90,Karen,45.42.34.153
91,Tabor,179.91.210.9
93,Jere,60.34.96.194
94,Cassondra,112.240.12.188
95,Olav,28.45.63.224
96,Trip,110.165.249.57
97,Carmelle,230.37.46.250
98,Fidel,228.24.187.101
99,Herculie,26.165.172.147
100,Constance,36.103.84.138
101,nikhil,192.168.196.252
